text_no_emoji,lang,translated_text
happy belated jaw,af,happy belated jaw
happy birthday bombón,so,Happy Birthday Bombón
voy tener que ver el oso por que ya estraño lip,es,I will have to do with the bear because Lip's strange
feliz cumpleaños al amor de mi vida,es,Happy birthday to the love of my life
goshhhhhh,cy,goshhhhhh
yes,tr,yes
smash,sq,smash
forever lipe,da,forever lipe
need,af,need
man,tl,man
looking good,tl,looking good
friend ana gomez said daddy fr,cy,friend ana gomez said daddy fr
mi marido,so,My husband
está mas fuerte que el aliento de un oso,es,is stronger than the breath of a bear
keep,et,keep
sei tu,fi,it's you
ifly lip,cy,ifly lip
lip,tl,lip
like,et,like
would love work enigma project,nl,would love work enigma project
believe eating,da,believe eating
dolly,cy,dolly
amazing watch,sw,amazing watch
pants would look better floor,af,pants would look better floor
equinox paying,fr,equinox paying
yum,tr,yum
better man,no,better man
huge,da,huge
babe,so,babe
james dean upgrade,sv,james dean upgrade
happy birthday,so,happy birthday
auguri boosss,et,wishes boosss
happy birthday,so,happy birthday
happy birthday,so,happy birthday
feliz cumple,ro,Happy birthday
feliz cumpleaños lip,es,Happy Birthday Lip
happy birthday,so,happy birthday
happy birthday,so,happy birthday
santo cielos lip,es,Holy heaven lip
happy birthday jeremy,so,happy birthday jeremy
happy birthday lip,tl,happy birthday lip
happy birthday,tr,happy birthday
happy birthday,so,happy birthday
big bro,da,big bro
pici love,sl,Pici Love
blonde hair blue eyes doll,fr,blonde hair blue eyes doll
oh goodness meet someone like sooooooo handsome amazing job thw bear started wat hing last weekend love,af,oh goodness meet someone like sooooooo handsome amazing job thw bear started wat hing last weekend love
show tamy us,so,show tamy us
bf younger version,da,bf younger version
love much,cs,love much
wonder exercises photoshoot get good pump looks like,af,wonder exercises photoshoot get good pump looks like
rosalia es mia,es,Rosalia is mine
punet azo,ro,nitrogen
ah,so,ah
vorrei essere il cucchiaino,it,I would like to be the spoon
gostoso,sl,tasty
lip,tl,lip
cookin lip,tl,cookin lip
doll,cy,doll
que bien que come la rosalia,es,How good that Rosalia eats
q ya nooo hay mas estaba muy pegada pero supuestamente seguirá más capítulos que así sea,es,that there is noo more was very stuck but it will supposedly follow more chapters than so
yes,tr,yes
lip gallagher,tl,lip gallagher
oh total joke thanks,fi,oh total joke thanks
big hug ukraine,tl,big hug ukraine
uhhh daddy,cy,Uhhh Daddy
congrats globe,ca,congrats globe
golden globe jeremy,da,golden globe jeremy
winnnnnnn,cy,Winnnnnnn
congrats golden globes,ca,congrats golden globes
congratulations,ro,congratulations
que homem,fr,what a man
ganaste un golden globe estabas donde estabas cousin,es,You won a Golden Globe you were where you were cousin
king,tl,king
babe needed see suit tonight,af,babe needed see suit tonight
king miss golden globes,no,king miss golden globes
retweet,nl,retweet
boa noite jeremias tudo bom tá tudo bem como vai família pq vc não foi recebeu seu globo de ouro hj mesmo,pt,good night Jeremiah all right okay how's going family because you were not received your golden globe hj
aparece véi,ro,appears veil
congratulations,ro,congratulations
globe winner,de,globe winner
wwww golden globe,cy,wwww golden globe
nominated,it,nominated
hey babe,so,hey babe
tell,it,tell
go golden globes,cy,go golden globes
por que eres tan hermoso,es,Why are you so beautiful
jeremy dove sei metti na foto qualcosa,it,Jeremy where you're put something photo
parabéns pelo golden globe amor te amo,es,Congratulations on the Golden Globe Amor you
totalmente delicioso,es,totally delicious
congrats golden globe,nl,congrats golden globe
lip gallagher da favela ao globo de ouro,pt,Lip Gallagher from Favela to the Golden Globe
girlhood,so,girlhood
proud,cs,proud
chiamato ier sera lacrime dicendo che te un lo seguivi vogliamo rimediare,it,called Ier evening tears saying that you follow you we want to remedy it
te extrañamos lip,es,We miss you lip
mmmm nice spoon,cs,mmmm nice spoon
hit us run jam,fi,hit us run jam
ever seen,nl,ever seen
que pare,fr,that stop
god damn,cy,god damn
si chef todo lo que usted diga,it,If chef everything you say
allez bye,hu,go bye
real af bro,da,Real of Bro
fine,it,fine
looks exactly like boyfriend,af,looks exactly like boyfriend
lip,tl,lip
manda ele pra meu quarto,pt,send him to my room
cucinami,es,kitchens
wow like damnnnnnn wow sexiest man alive house live,af,wow like damnnnnnn wow sexiest man alive house live
asi veo haciéndome una quesadilla,es,So I see a quesadilla
cannot wait meet,nl,cannot wait meet
finer n fine lk favs sean penn,no,finer n fine lk favs sean penn
bhosadino,so,Bhosino
oi marido,pt,Hi husband
oi amor que dia você vai vir morar aqui comigo,ca,Hi love that day you will come to live here with me
love gene wilder,nl,love gene wilder
omg loml,no,omg loml
yes chef,cy,Yes chef
vlm,cs,vlm
charles,fr,charles
bro majestic,hr,bro majestic
welcome team buddy,cy,welcome team buddy
sexy daddy energy talented,cy,sexy daddy energy talented
apply play part pair jeans,fr,apply play part pair jeans
papasito,tl,papasy
hello bby,cy,hello bby
ya,sw,of
hazme sanduche,de,Hazme Vintes
yio mi mami amamoz eztaz bien guapof,hu,Yio my mami amamoz eztaz very handsome
oh god,cy,oh god
want,sw,want
mkay let us calm,fr,mkay let us calm
almost started barking,sv,almost started barking
love,sl,love
omg,sv,omg
yum,tr,yum
عزیزم یکم,fa,Baby a little
came comment,it,came comment
good lord,so,good lord
young never understood people would say gene wilder hot get,af,young never understood people would say gene wilder hot get
ok chef,sk,Ok chef
handsome lip,da,handsome lip
boomshakalaka,so,Boomshakalaka
lip,tl,lip
yes chef,cy,Yes chef
sexy,ca,sexy
insta letting see say unison,tl,insta letting see say unison
yum,tr,yum
я хочу купить джинсы,ru,I want to buy jeans
damn,id,damn
old dry keith,cy,old dry keith
ok lip,tl,ok lip
pbj,hr,PBJ
que cocine pero mi,es,that cook but my
addio,cy,Goodbye
deus,fr,deus
chef,cy,chef
also like,sl,also like
call fiona insane,it,call fiona insane
pls,lv,pls
good god,cy,good god
bb,hu,bb
auch premium kommentar,sk,also premium comment
sexiest man alive,fr,sexiest man alive
lip,tl,lip
sweet baby jesus,af,sweet baby jesus
lip gallagher,tl,lip gallagher
good lord,cy,good lord
yes chef,cy,Yes chef
good god,cy,good god
mi padre,sl,My father
yes chef,cy,Yes chef
sexy,so,sexy
boooooommmm,so,boooooommmm
здоровяк,ru,Healthy man
wish,sw,wish
c siii,ro,yes
love,sl,love
let eat,fr,let eat
ooh la la,so,ooh la la
oh god,cy,oh god
mi hombre es mejor,es,My man is better
que isso lip,fr,that this lip
always lip,tl,always lip
che dire,it,what to say
need,af,need
job jeremy,sl,job jeremy
e la madonna,es,and the Madonna
sandwich,de,sandwich
maronn,fr,maronn
pls pls pls,ca,pls pls pls
god wife lucky,cy,god wife lucky
jesus,hr,jesus
hot,cs,hot
cheff,cy,cheff
spoon,et,spoon
lip lip lip,tl,lip lip lip
love god,sl,love god
lucky smith,cs,lucky smith
perfect advertisement ever seen,nl,perfect advertisement ever seen
dear lord,es,dear lord
pls make sandwich,nl,pls make sandwich
ai,fi,ai
hiiiiiu,so,heiiiiu
dios mio bendito,lt,My God blessed
willy wonka never looked hot,af,willy wonka never looked hot
bah meu,id,BAH MY
se eu tivesse uma cozinha dessas eu faria mesmo,pt,If I had such a kitchen I would do
bite,tr,bite
yes chef,cy,Yes chef
ladies man,es,ladies man
love lip,sl,love lip
waitt looks good heree hold,af,waitt looks good heree hold
que homi sensual carai,pt,que Homi Sensual Cari
hands,sv,hands
rosalia getting crustless,it,rosalia getting crustless
good lord,so,good lord
daddy,cy,daddy
ok,sk,ok
ufff niño como estás,es,ufff child how are you
betrayal liked post send,da,betrayal liked post send
я каждую ночь,ru,I am every night
mato ce ti facia,it,mato that does you
nunca voy superar esa serie,es,I will never overcome that series
lip,tl,lip
yes chef,cy,Yes chef
jealous clarebear lol fuuuuuuudge,et,jealous clarebear lol fuuuuuuudge
blessed spoon,et,blessed spoon
pieces bread,es,pieces bread
trve,sl,trve
uffffffffff,cy,Uphill
want,sw,want
ببوسمت جرمی جون,ur,Kiss you a crime
put spoon mouth like got sus,et,put spoon mouth like got sus
quién pudiera ser un simple sándwich,es,who could be a simple sandwich
pedazo de tipooo,es,piece of typeoo
hello boyfriend,cy,hello boyfriend
sma,lv,sma
tout quitter pour devenir une cuillère,fr,leave everything to become a spoon
double ufffff,fr,double ufffff
even know liked post lol,sl,even know liked post lol
ok,sk,ok
ok ok ok,sk,ok ok ok
respect man many levels,ca,respect man many levels
want,sw,want
um grande gostoso,pt,A Great Hot
feio bonito,it,ugly
long,tl,long
makes want hot dog real bad,af,makes want hot dog real bad
yes chef,cy,Yes chef
gorgeous human,af,gorgeous human
doe rustig meid je bent getrouwd,nl,do calm girl you are married
cmq lip lo ricordavo con le cannette bocca,it,cmq lip I remembered it with the mouth canes
best chef,de,best boss
si ola,fi,sir
talking,fi,talking
christ,de,christ
spoon sale,et,spoon sale
cuh dey board,so,cuh dey board
gracias por recordarme por qué gustan los varones,es,Thank you for reminding me why men like
oh man,id,oh man
need man take bed,af,need man take bed
hey jeremy also spread like peanut butter,no,hey jeremy also spread like peanut butter
pbandj,hu,PB & J
dios ayúdame digerir esto,es,God help me digest this
soy ese,es,I am that
hands,sv,hands
delicious making,nl,delicious making
ruin life,ro,ruin life
looking like,et,looking like
love peanut butter jelly,no,love peanut butter jelly
daddyyyy,cy,daddyyyy
good lol,so,good lol
goodness,hr,goodness
amen,ca,amen
job title person came line,fr,job title person came line
daarom deel ik,nl,That's why I share
give dat,it,give dat
embe,hu,Embe
si cheeeeeeeef buf,nl,si cheeeeeeeef buf
ai nossa senhora,pt,Oh Our Lady
calvin klein,nl,calvin klein
would bad,so,would bad
yes chef,cy,Yes chef
hot,cs,hot
looking goooood,af,looking goooood
omg,sv,omg
stay free even make pbjs,no,stay free even make pbjs
good god,cy,good god
love,sl,love
hellooooo biceps,nl,hellooooo biceps
want spoon,af,want spoon
said wyatt afraid,cy,said wyatt afraid
always lip,tl,always lip
kız kardeşi beğenmişsin seni çok anlıyorum,tr,"You like your sister, I understand you very much"
oh,fi,oh
yes chef,cy,Yes chef
need bad,so,need bad
go outside,pt,go outside
name song,tl,name song
jeremy also spread friend bia like peanut butter,no,jeremy also spread friend bia like peanut butter
yes chef,cy,Yes chef
serviste,no,in service
te amo ricooo dios bendiga tus brazos,pt,I love you rich God bless your arms
gorgeous,af,gorgeous
mate,id,mate
want go buy jeans bad seeing,af,want go buy jeans bad seeing
lip meets carm,nl,lip meets carm
quien fuera cuchara,es,Who was a spoon
jeremyyyyy e ja,fi,jeremeyyyyy e and
yes chefff,cy,yes chefff
wild,sw,wild
oof,af,oof
diventare,it,become
tuuuuuu con el,fi,tuuuuu with him
yes chef,cy,Yes chef
e vabbè addio,it,and oh well goodbye
like straight,af,like straight
going hereeeee,nl,going hereeeee
ok ok,sk,ok ok
hubba,sw,Hubba
eita que até um pãozinho sem nada gente encara nessa cozinha,pt,Jeez that even a roll with nothing people face this kitchen
è per la luce e la fotografia che lo,it,it is for the light and photography that it
ho fame,pt,I am hungry
te presento mi nuevo ryan gosling,it,I present my new Ryan Gosling
lol,es,lol
fan,cy,fan
yummy,tr,yummy
jesus,hr,jesus
peanut butter heh ifykyk,no,peanut butter heh ifykyk
chef,cy,chef
looks like toddler buy jeans next size get use,af,looks like toddler buy jeans next size get use
buonasera,tl,Good evening
snac,hr,snack
meu,fr,my
chef,cy,chef
cosi de botto,it,so de botto
amo lo vuoi un panino,fi,I love you want a sandwich
cut edge bread,ro,cut edge bread
aspetta che aggiungo ancora un pó di,it,Wait for I still add a little
gran bel panino,id,great sandwich
si direi che è necessario,it,I would say that it is necessary
looking good gallagher,tl,looking good gallagher
nah,tl,nah
kimleri görüyorum,tr,who I see
apaga,tl,turn off
ohhh yes,cy,ohhh yes
hello,fi,hello
hmmmm see liked,et,hmmmm see liked
love,sl,love
gawd dayum,so,gawd dayum
name song,tl,name song
ooooooooo,so,ooooooooooo
making basic sandwich lol,tl,making basic sandwich lol
okay lip talkin,tl,okay lip talkin
holy bejesus,hu,holy bejesus
boom shakalaka yes gawwwwd,so,boom shakalaka yes gawwwwd
comments,fr,comments
te amo,pt,I love you
sooo sexy,so,sooo sexy
lip gallagher bro,tl,lip gallagher bro
identify slices bread,es,identify slices bread
jif commenting,fr,jif commenting
crusts cut,ro,crusts cut
lan bana bak ham yaparım seni hareketlerine dikkat et,tr,"I look at me, I will make you raw, pay attention to your movements"
yummy,tr,yummy
si,fi,and
recipe,es,recipe
qualche mese e ci siamo,it,a few months and we are there
oui chef,fr,yes chief
looks like rufus,et,looks like rufus
good lawd,cy,good is shifted
dad jeans,hr,dad jeans
barking,id,barking
jesus christ omg,et,jesus christ omg
video,lv,video
raghhhhh,cy,Rahhhhhh
yes chef,cy,Yes chef
steak knife pbj crazyyyy,sk,steak knife pbj crazyyyy
yes chef,cy,Yes chef
hahahahha yes grace,so,hahahahha yes grace
say unison,tl,say unison
yes chef,cy,Yes chef
ok daddy,cy,ok daddy
wow,pl,wow
gracias dios por el pan de cada día,es,Thank God for every day's bread
wait sandwich,sw,wait sandwich
lip lit,tl,lip lit
chef,cy,chef
wow,pl,wow
look like,et,look like
make pbj please,hr,make pbj please
make pb j like get restraining order,no,make pb j like get restraining order
best comment,fr,best comment
yes chef,cy,Yes chef
ai cara que isso,ca,Oh guy
kucharza,sw,chef
cuando acaba el video,es,When the video ends
oh damn,id,oh damn
need make pbj,et,need make pbj
pushups ad,id,pushups ad
never wanted pb n j life,af,never wanted pb n j life
yes chef,cy,Yes chef
yes chef,cy,Yes chef
yes chef,cy,Yes chef
dios ayudame,es,God help me
galarza eres tú,hu,Galarza is you
yes chef,cy,Yes chef
bravo,sk,bravo
por supuesto que sí chef,es,Of course chef
sindyyyy,fi,Sindyyy
ai meu,id,my own
could played paul dune,fr,could played paul dune
omg,sv,omg
want sandwich,pl,want sandwich
man,tl,man
peanut butter jeremy,no,peanut butter jeremy
would spoon,af,would spoon
nominate stay,it,nominate stay
oh god,cy,oh god
yeah,tr,yeah
yes chef,cy,Yes chef
knows,pl,knows
dios mío,pt,my God
get picture,fr,get picture
yes jif,sw,yes jif
oh god incredibly handsome,cy,oh god incredibly handsome
hace calor solo soy yo,es,It is hot just me
te amoooo,et,I love you
goooooooooooooooddddddddd,so,goooooooooooooooddddddddd
estás comiendo bien,es,You are eating well
sandwich,tl,sandwich
comment,fr,comment
putz,ro,putz
jeremy voglio essere il tuo zerbino,it,Jeremy I want to be your doormat
e,es,e
iconic,it,iconic
back stronger,sv,back stronger
ôôôôô lá casa viu,vi,ôôôôô oto house saw
pero carmyyyyyyyyy,cy,pero carmyyyyyyyyy
bread bred,cy,bread bred
favorite comment,it,favorite comment
calvin klein,nl,calvin klein
holy moly,cy,holy moly
whoaaaaaaaaaaa,so,whoaaaaaaaaaaa
ele com uma mulher na boca pq n pode posar com um cigarro,pt,he with a woman in his mouth because he can not pose with a cigarette
day one favorite roles ever done movie lol,fr,day one favorite roles ever done movie lol
good joint,hr,good joint
want take bite,af,want take bite
yummy,tr,yummy
ah,so,ah
goddamn perfection,cy,goddamn perfection
sexiest man ever,fr,sexiest man ever
yes chef,cy,Yes chef
habrá alguien más hermoso preparando un sándwich lo creo,es,there will be someone more beautiful preparing a sandwich I think
en este plano existencial ganó,es,In this existential plane he won
looks sooooooo much like grandfather gene,af,looks sooooooo much like grandfather gene
yes,tr,yes
okay,tl,okay
see lollipop,fi,see lollipop
god damn,cy,god damn
jeff,sl,jeff
kisses chef,de,kisses chef
said crust,cy,said crust
yup yup yup yuppppp,id,yup yup yup yuppppp
ahora quiero unos calvinkleins,es,Now I want some Calvinkleins
comment,fr,comment
dios pensaba que era un canuto lo de la boca,es,God thought it was a canuto about his mouth
bang udah banggg,id,Bang is already
gene wilder,de,gene wilder
brand renamed,sv,brand renamed
pbj,hr,PBJ
omg keeps getting better,no,omg keeps getting better
make like,et,make like
tau skiriu,lt,I give you
big spoon little spoon spoon,et,big spoon little spoon spoon
te amo siempre,it,I always love you
goooooooood,so,goooooooood
fine ass,it,fine ass
calvin non smettere mai,it,Calvin never stop
let cook,fr,let cook
yes,tr,yes
let rip chef,fr,let rip chef
nossa que braçaum,pt,wow
glad see lip gallagher good life,cy,glad see lip gallagher good life
want,sw,want
lip gallagher,tl,lip gallagher
wake guy new jaw calvin klein dropped,af,wake guy new jaw calvin klein dropped
hazme un huevito,es,Make me an egg
que hombreee paaarfaaavaaarrr,nl,that manee paaarfaavaaarrr
never get tired collabs,da,never get tired collabs
oh smart smart,sv,oh smart smart
ti vedo,sk,I see you
eh grazie al razzo,it,eh thanks to the rocket
rauw le gana,cy,raw le gana
hi,sw,hi
mi oso,et,My bear
get slices buddy,da,get slices buddy
ck keep cooking pls,nl,ck keep cooking pls
esa tank top interesa los jeans todo donde lo venden en combo,es,That tank top interests jeans where they sell it in combo
somebody take pepperidge farm phone,no,somebody take pepperidge farm phone
cara tem uma cozinha dessa pra fazer um pão com mortandela e chimia,pt,Dude has a kitchen like that to make a bread with mortandela and chimia
ai spoon,et,ai spoon
credo que delícia,es,Creed that delight
help,nl,help
one lucky sandwich,pl,one lucky sandwich
ohh yes chef,cy,ohh yes chef
ok realized kind looks like hey arnold,et,ok realized kind looks like hey arnold
revolting video minutes long,et,revolting video minutes long
se delicioso,es,Be delicious
el pan,es,Bread
ah,so,ah
x,so,x
needdat,cy,needdat
תגיד אתה אוכל את זה,he,Say you eat this
yes chef,cy,Yes chef
whooopdidahhh,so,whooopdidahhh
looks soooo much like gene wilder,af,looks soooo much like gene wilder
yes always,so,yes always
eita gnt q delícia,ca,Eita GNT Q Delight
sexiest pbj ever,fr,sexiest pbj ever
ti amo,lt,I love you
tambien tiene un parecido alex este pavo,es,It also has a lighter Alex this turkey
vibe hot hell,nl,vibe hot hell
bono il panino,tl,Bono the sandwich
sta mi sentu fiacca,it,I am feeling hoax
yummy edible,cy,yummy edible
yes chef,cy,Yes chef
ai gallagher,cy,ai gallagher
never needed pbj badly entire life,da,never needed pbj badly entire life
obbligato cucinare per sempre,it,obliged to cook forever
forever miss lip,no,forever miss lip
vai uma sandocha,pt,Go a sandoc
absolutely amazing,hu,absolutely amazing
ufff,cy,Ufff
yum,tr,yum
one,fi,one
wolverine,nl,wolverine
god good,cy,god good
yes chef,cy,Yes chef
בין הגברים הכי חתיכים על כדור הארץ,he,Among the most studded men on Earth
penso sia alto un la sua serie proprio,it,I think his series is tall
van matar así,hu,They are going to kill like this
gracias vida,es,Thanks life
haha mmm stuutjes,fi,haha mmm stuutjes
see,af,see
looks much like gene wilder,af,looks much like gene wilder
golllylyyyyyyyyyyyyy gracious,cy,golllylyyyyyyyyyyyyy gracious
smash,sq,smash
stop pls,nl,stop pls
mamma mi,et,mom me
love,sl,love
yes chef,cy,Yes chef
jusq po jusq po peanut butter jelly sandwich lang naman,id,jusq po jusq po peanut butter jelly sandwich lang naman
ti prego jeremy abbi pietà di noi,it,"please jeremy, have mercy on us"
gene wilder age,de,gene wilder age
lip gallagher,tl,lip gallagher
quanto sei bbbbbelloo,it,How much are you bbbbello
man,tl,man
siii cheff,ro,Yes Cheff
sì,vi,Yes
per vale,no,Vale
crusts like alfie,et,crusts like alfie
peanut butter jam,fi,peanut butter jam
sim resposta é essa,pt,yes answer is this
mamma mia,sw,Oh mama
buongiorno,it,Good morning
look arms,et,look arms
stop pliiiiis,et,stop pliiiiis
hey lip lip,tl,hey lip lip
behind chef,de,behind chef
ok chef,sk,Ok chef
kannst du mir bitte auch ein sandwich,de,Can you please also a sandwich
che senso,it,what sense
yes chef,cy,Yes chef
apanayiamou,sw,Adopt
see,af,see
nails blue steel,af,nails blue steel
period,it,period
good day,so,good day
wowwww,pl,wowwww
che uomo che sei,it,what man you are
ricopritelo di denaro,it,cover it with money
yes jeff,hu,yes jeff
ueeee bambolotto bonooo sto tramezzin,it,ueeee bambolotto bonoooo I'm tramezzin
want identified spoon,af,want identified spoon
yes chef,cy,Yes chef
yes chef,cy,Yes chef
grazie,pl,Thank you
tulung pak rt,tl,Tulung Pak Rt
hello chef,cy,hello chef
panoorin mo na daw,tl,watch it
un sandwichito por aquí,es,A sandwichito around here
yess cheff,cy,yess cheff
yes chef,cy,Yes chef
hello chef,cy,hello chef
thank daddy eat,cy,thank daddy eat
mahoney,tl,mahoney
buenos días,es,good morning
oh god,cy,oh god
woooaaahhhhh,so,woooaaahhhhh
bye guys ride,cy,bye guys ride
good day bread,so,good day bread
boom shakalakaaaaaa,so,boom shakalakaaaaaaa
dead,es,dead
ummmm,pt,Ummmm
snack getting snack,sv,snack getting snack
drooled,cy,drooled
yes chef,cy,Yes chef
yes chef,cy,Yes chef
peg board kitchen,nl,peg board kitchen
holy lord,cy,holy lord
yes chef,cy,Yes chef
calvin klein back fantasies,af,calvin klein back fantasies
yes chef,cy,Yes chef
va va voom,et,and and vom
te,sq,the
cuh dey boad,so,Sah de bod
yumurta kas yapmış essseeeikkk amk,tr,Eggs made muscle esseeikkk amk
sami amca sen misin,fi,Uncle Sami are you
looks amazing also really like jeans,et,looks amazing also really like jeans
today lol,so,today lol
خوشمزه و مثل خودت,fa,Delicious and like yourself
ooooo,so,ooooo
aw men feel look sydney sweeney,af,aw men feel look sydney sweeney
boom shakalaka yesssss,so,Boom Shakalak Esssss
murder,de,murder
daddy,cy,daddy
lol,es,lol
yes chef,cy,Yes chef
yes chef,cy,Yes chef
bicep game go brazy,pl,bicep game go brazy
chef,cy,chef
gagged,tl,gagged
pepperidge farms remembers,da,pepperidge farms remembers
god,cy,god
yes chef,cy,Yes chef
looks like chef even pbj,nl,looks like chef even pbj
meu dels,ca,mine
sean penn flesh,no,sean penn flesh
hello wait vote,nl,hello wait vote
yes chef,cy,Yes chef
goodness,hr,goodness
oh,fi,oh
need,af,need
q riko hombre,sq,Q riko man
ad jeans,hr,ad jeans
looking like,et,looking like
yas,sw,yas
jimminy cricket,cs,Jimminy Cricket
pinche papasito,it,Click Papasito
bad fit jeans looks tubular,et,bad fit jeans looks tubular
never like pbj much,sq,never like pbj much
não gostei da calça,pt,I didn't like the pants
yes chef,cy,Yes chef
best looking pbj,af,best looking pbj
sudden want sandwich,cy,sudden want sandwich
um ok wow,pl,an ok wow
yes chef,cy,Yes chef
lip,tl,lip
lip,tl,lip
tô passando mal,pt,I'm sick
saw meme said jeremy looked like gene wilder cannot unsee,af,saw meme said jeremy looked like gene wilder cannot unsee
sexy,ca,sexy
lordy,cy,Lords
deus te abençoe calvin klein,nl,God bless you Calvin Klein
chill dude app,fr,chill dude app
yes chef,cy,Yes chef
yes chef,cy,Yes chef
yes chef,cy,Yes chef
actually gets hotter gets older,nl,actually gets hotter gets older
took pants,af,took pants
god,cy,god
looks lot like sean penn,et,looks lot like sean penn
hot,cs,hot
damn dude,id,damn dude
yuh,so,yuh
bro made pb j sexy,pt,bro made pb j sexy
por qué este comercial dura cuatro horas,es,Why this commercial lasts four hours
hot,cs,hot
tu dérègles le marché frérot la,fr,you distinguish the Frérot market
geez,nl,geez
gorgeous,af,gorgeous
wearing pants,tl,wearing pants
puedo comer pbj forevel,es,I can eat Forevel PBJ
yes chef jajajaja,fi,Yes chef hahahaha
yaaaaaas chef,so,yaaaaaas chef
las tostadas mantequilla mermelada de mora son las mejores,es,Toast butter jam of blackberry are the best
still,sv,still
spoon mouth silly need spoon make pb j,et,spoon mouth silly need spoon make pb j
pbj never looked better,da,pbj never looked better
like strange looking cigarette,no,like strange looking cigarette
hotttnessss,fi,hotttnessss
dios mío,pt,my God
need,af,need
wow,pl,wow
jeans make arms look great,af,jeans make arms look great
meow,pl,meow
best sit,de,best sit
pinabarur yeli cuando quedamos merendar esta receta,es,Pinabarur Yeli When we have a recipe for
get muscles,fr,get muscles
comments,fr,comments
daaaaayum,so,daaaaayum
hot damn,sv,hot damn
por siempre lip,es,Forever Lip
mmmmmm,no,mmmmmmm
yes chef,cy,Yes chef
save us,hr,save us
yes lawwwddddd,cy,yes lawwwddddd
came say making bag know want see,tl,came say making bag know want see
viste que la vida es buena,es,You saw that life is good
la vida wey este ser humano si todo el rato,es,Wey life this human being if all the time
vibe,lv,vibe
es una caricatura de matt groening,ca,is a cartoon of matt groening
wetttt got change,nl,wetttt got change
que guapo mi amor,pt,how handsome my love
meeeeooooooow,nl,Meeaeieokow
pbj,hr,PBJ
yes,tr,yes
si fueras un perrito serías un staffy,es,If you were a puppy you would be a staff
boyfriend loves,da,boyfriend loves
god,cy,god
named sexiest man alive deserved getting luke newton,no,named sexiest man alive deserved getting luke newton
sexy,ca,sexy
gay god dam,so,gay god dam
love,sl,love
sobre la mesada el sándwich un platito te pido,es,About the Sandwich mesada a plate I ask you
después una tiene que ir por la vida sabiendo que existen estos hombres así como si nadacomo tratando de recordar semejantes jeans por dios una teniendo que seguir laburando,es,Then one has to go for life knowing that these men exist as if they swim trying to remember such jeans by God one having to continue working
yes lord,es,yes lord
bruh,cs,Bruh
oh yeah woo yeah woo yeah woo time,so,oh yeah woo yeah woo yeah woo time
yes lawd,cy,ndems
make pbj sandwich kisses chef,nl,make pbj sandwich kisses chef
mides primo,es,MIDES PRIMO
obvs hot feel like keeping hostage windowless basement,af,obvs hot feel like keeping hostage windowless basement
wow,pl,wow
yes chef,cy,Yes chef
hahah,so,hahah
madre mía,es,My mother
cutting crust,ro,cutting crust
yummy,tr,yummy
que ensucie toda la cocina las veces que quiera,es,that dirty the whole kitchen as many times as you want
hi jeremy,hr,Hi Jeremy
taste pls,et,taste pls
even feet sexy,nl,even feet sexy
shameless dejo un trauma ahora q cocina,pt,Shameless I leave a trauma now what cook
yes chef,cy,Yes chef
deniro,pt,Deniro
yes chef,cy,Yes chef
handsomeeee,nl,handsomeeee
need stop,af,need stop
cousin,fr,cousin
mean good day jeans,so,mean good day jeans
feel make snack,nl,feel make snack
behind,de,behind
pb j,sl,pb j
mi hombre,sk,My man
wow,pl,wow
tirar bordinha foi sacanagem,pt,Borinha was slutty
mofo effing fine like jesus,no,mofo effing fine like jesus
omg,sv,omg
jajajaj gracias,sl,hahaha thanks
sì chef,cy,Yes chef
ohmondieu,af,oh my God
hawt,so,hawt
ok snack,hr,ok snack
smeer mijn stutjes ook wi want,nl,Spread my struts too
mi amor platónico por el es normal,es,My platonic love for him is normal
snälla,fi,please
senza parole,it,without words
help,nl,help
sexiest man alive,fr,sexiest man alive
king,tl,king
omg illegal,tl,omg illegal
que vivan los,es,that live the
hey babygirl,so,hey babygirl
nice feet,ro,nice feet
stop,cs,stop
chef,cy,chef
yes chef,cy,Yes chef
يا الله الموضوع بسيط لهدرجه ولا احنا خفيفين فنيله وسوا توست بس,ar,"Oh God, the topic is simple to its hydration, and we are not light."
tryna sandwich,pl,tryna sandwich
alguém sabe qual é cor da cozinha tenho saudades lip,pt,someone knows which kitchen color I miss lip
yes,tr,yes
jail,fi,jail
il glow uo lip,it,The GLOW UP LIP
che improvvisa voglia di un toast,it,what a sudden desire for a toast
papá papázote,hu,Dadzote dad
paninetto,fi,paninetto
yes chef,cy,Yes chef
world needs angrier,af,world needs angrier
woah jeremy cooking good lookin,so,woah jeremy cooking good lookin
sexy af,so,Sexy of
yes chef,cy,Yes chef
mi casa mi templo mi todo,it,my house my temple my everything
yes chef day,cy,yes chef day
cannot,it,cannot
yes chef,cy,Yes chef
yes chef,cy,Yes chef
g,cy,g
fit,sq,fit
chef,cy,chef
nicole,it,nicole
ok papa,tl,ok daddy
yeeeeesssss,fi,yeeeeesssss
gift never ends,da,gift never ends
e alllooraaaaaa,so,by alllooaaaaaa
oh hi,cy,oh hi
tu sabes,id,you know
approach sandwich like salt bae,sv,approach sandwich like salt bae
non si puó,tl,you can not
dear lord make spoon,af,dear lord make spoon
cojoni,lt,cojons
damn,id,damn
el hombre definitivo,es,The definitive man
gawwwdddamnnnnnnn thank calvin klein,cy,gawwwdddamnnnnnnn thank calvin klein
beautiful,fr,beautiful
wow,pl,wow
looking like sexy gene wilder every day,af,looking like sexy gene wilder every day
yes chef,cy,Yes chef
yes chef,cy,Yes chef
chef,cy,chef
lipppp,fi,lipppp
che sei,de,that you are
cool denim,es,cool denim
omg lip,tl,omg lip
yes chef,cy,Yes chef
holy moly,cy,holy moly
dope,pt,dope
identify spoon,it,identify spoon
amen,ca,amen
framing xx,sv,framing xx
yes,tr,yes
baby,tl,baby
te amo,pt,I love you
yes chef,cy,Yes chef
aia,fi,aia
pardon mais jétais obligée de tidentifier il est pas en slip cette foisci mais le sandwich à tout de même lair délicieux,fr,Sorry but I was forced to lurk it is not in brief this time but the sandwich all the same lair delicious
love,sl,love
boy oh boy,cy,boy oh boy
sim chef,de,yes chef
ohhhh,et,ohhhh
saw meme,id,saw meme
may help,tl,may help
mamma mia,sw,Oh mama
day chef,cy,Day manager
señor ten piedad,es,Lord have mercy
nooit gedacht dat ik een lepeltje wilde zijn,nl,never thought I wanted to be a spoon
dios mío pero es que está demasiado hablo del sándwich,es,My God but it's too much I talk about sandwich
baeeeeee,nl,Baeeeeee
gay cannot,so,gay cannot
yeah cook,so,yeah cook
ok want sandwich,pl,ok want sandwich
oh wow,pl,oh wow
yo,tr,yo
ich sabbere immer noch,de,I'm still drooling
aber wer räumt auf,de,But who clears up
aber wer räumt auf,de,But who clears up
soy ese,es,I am that
tr amo,ca,I love you
tan enamorados ricardo montaner,es,so in love Ricardo Montaner
vabbè,hu,alright
yes chef,cy,Yes chef
non che dire,it,not what to say
és un concurs jeje,ca,It's a hehe contest
hay padre santo,tl,There is holy father
outta pocket give person raise,fr,outta pocket give person raise
welcome,nl,welcome
oh,fi,oh
jeansjeremy,hr,jeansmy
awantaa,so,Awanta
que bueno estassss,pt,How good youssss
keep us,et,keep us
puedo respirar,es,I can breathe
ahahahah bravaaa,so,ahahahah bravaaa
soy ese,es,I am that
ouffff guy,cy,ouffff guy
lippppp,it,Lippppp
yes chef,cy,Yes chef
drooling,af,drooling
fave ads ever,da,fave ads ever
yeah chef,cy,yeah chef
sin palabras,tl,wordless
queria levar um mata leão dele,pt,I wanted to take a forest of him
god,cy,god
oh god,cy,oh god
adam,so,adam
rikooooo,et,rikoooooo
madre de dios,es,Mother of God
kind look like cuh dey bored,af,kind look like cuh dey bored
boy,cy,boy
pb neeeeeever,nl,Pb
ooo tingling,tl,ooo tingling
fine,it,fine
sandwich,de,sandwich
va beh,af,okay
ok,sk,ok
opening app blessing,no,opening app blessing
identify spoon,it,identify spoon
making looks like bologna cheese peanut butter confused mean take making really,et,making looks like bologna cheese peanut butter confused mean take making really
بحب التراي بتاعتك يا جيمي,ar,I love you
yes chef,cy,Yes chef
yummmmmmmmm,da,yummmmmmmmmmmmmmmmmmmmmmmmmmmmmm
man going age like fine wine,af,man going age like fine wine
give dat,it,give dat
g,cy,g
oído chef,pt,Heard chef
yes,tr,yes
grazie mille,it,A thousand thanks
yes chef,cy,Yes chef
peró anche,ca,but too
uncrustably delicious,es,uncrustably delicious
ça rend pas pareil quand je mets le tshirt dans le pantalon la,fr,It doesn't make the same when I put the tshirt in the pants
yes chef yes,cy,yes chef yes
aspetto la tua reaction,it,I await your reaction
cannot,it,cannot
hola,cy,hello
estas bien hermoso la vdd,es,you are very beautiful the vdd
mi hombre,sk,My man
te amo precioso,es,I love you beautiful
innamorata,it,in love
gente,nl,people
much,sw,much
odiei tá lindo,af,I hated it's beautiful
boy,so,boy
uf,de,uf
خوشگلیااااا,fa,Beautiful
lip,tl,lip
yes chef,cy,Yes chef
love,sl,love
bad boy oulala il fait de la muscu dis,ca,bad boy oulala he does muscu say
old crushing youngster like look beautiful sky blue eyes,no,old crushing youngster like look beautiful sky blue eyes
je met à la cuisine de suite,fr,I put in the kitchen immediately
marry,cy,marry
yes chef,cy,Yes chef
jesus,hr,jesus
nossa que delícia,ca,Wow that delight
love,sl,love
achei que ias gostas,pt,I thought you like
good google moogly,so,good google moogly
te amo,pt,I love you
good jawb,so,good jawb
get hose,nl,get hose
mi hombre,sk,My man
sia lodato il,it,is praised the
quien fuera un pbj sandwich,es,Who was a Sandwich PBJ
philip gallagher sly dog,cy,philip gallagher sly dog
gesù,af,Jesus
arms,lv,arms
miss,et,miss
prende chef,fr,Take chef
un,fr,and
yes,tr,yes
arms,lv,arms
yes chef,cy,Yes chef
oublie vite la saveur si simple dun sandwich,fr,oublie vite la saveur si simple dun sandwich
omgg,tl,Omg
lip,tl,lip
se vabbè,it,if oh well
cannot keep,nl,cannot keep
eita gente,de,Jeez people
love,sl,love
love,sl,love
strikes,no,crricle
jk,hr,jk
man man man,tl,Man man
yes chef,cy,Yes chef
need,af,need
sì chef,cy,Yes chef
jesus christ,sk,jesus christ
madre mía rosalía bájale,es,My my rosalía bájale mother
yes,tr,yes
e vabbè che glie voi dì,it,and oh well that you tell him
si chef,it,Yes chef
question still stands,fr,question still stands
eeei quiero un,it,EEEI I want a
yes chef,cy,Yes chef
parece mi se clavo un sanguchito de miga de salame queso,es,My mile salame milem and miga blood looks
saying goodbye women seeing,af,saying goodbye women seeing
yes chef,cy,Yes chef
absolutely delicious,ca,absolutely delicious
te amo,pt,I love you
pisame,tl,write
mygod,cy,Mygod
cocina en guapo,es,Kitchen in handsome
delish,nl,delish
k tipo del bien,es,K type of good
feel scrolling like divorce,af,feel scrolling like divorce
gnam,tl,gnam
nossa,pt,our
real,ro,real
cuzzzinnnnn,it,cuzzzinnnnn
boom shackalacka,so,boom shackalacka
amén,hu,amen
appreciation visual eye candy,it,appreciation visual eye candy
yes chef,cy,Yes chef
yes chef,cy,Yes chef
plutón en acuario con todo,es,Pluto in Aquarius with everything
ummmmhello,da,ummmmhello
omg,sv,omg
wajoooo ebje da al gezien ja,nl,Wajoooo ebbje da already seen yes
look good eating pbj,tl,look good eating pbj
yes chef,cy,Yes chef
que que isso,fr,that's it
oh,fi,oh
spice tolerance,it,spice tolerance
gostoso,sl,tasty
yummy,tr,yummy
aeremy jallen white,fi,aeremy jallen white
precioso,es,precious
ok wow,pl,ok wow
yes chef,cy,Yes chef
maro maro,so,many many
omg,sv,omg
rawr,cy,Rawr
ag babakel ka met jorge,no,og babakel of the body
arms eyes hair arms eyes hair arms eyes hair arms eyes hair armseyeshairarmseyeshairarmseyeshairarmseyeshair,tr,arms eyes hair arms eyes hair arms eyes hair arms eyes hair armseyeshairarmseyeshairarmseyeshairarmseyeshair
wowza,pl,wowza
never wanted pbj,af,never wanted pbj
oh,fi,oh
pqp,sq,PQP
yes chef,cy,Yes chef
also look like make pbj,sl,also look like make pbj
dağıma senin gbi kar versin rabbim dua,tr,"May your distribution give you a profit, my Lord prayer"
make look tall,et,make look tall
ay por dios,es,Oh by God
yummy,tr,yummy
yes chef,cy,Yes chef
εδώ σοβάρεψε η φάση ανακόντα το μπράτσο κι,el,Here the phase of the armor was stunned and the arm
day night chef,cy,day night chef
yes chef,cy,Yes chef
wait dam minute,id,wait dam minute
yes chef,cy,Yes chef
yes chef,cy,Yes chef
yum,tr,yum
okay thank,so,okay thank
yes chef,cy,Yes chef
staying better making pbj,no,staying better making pbj
é feio mais lindo,pt,It is ugly most beautiful
cristo,it,cristo
yes chef,cy,Yes chef
need get hands,nl,need get hands
goodness,hr,goodness
get body never lol,da,get body never lol
yes chef,cy,Yes chef
man sexy,id,man sexy
lip,tl,lip
feed,cy,feed
bellísimo dios mío,pt,beautiful my God
yes chef,cy,Yes chef
pb j,sl,pb j
man beautiful,id,man beautiful
mon dieu je veux bien prendre la place du sandwich,fr,my God I want to take the place of the sandwich
sí chef,cs,Yes chef
cómo lo,es,How
hrrrrrr,sq,hrrrrrr
tu veux être ce sandwich,fr,You want to be this sandwich
novio,sl,boyfriend
yes chef,cy,Yes chef
raise,fi,raise
wow,pl,wow
espero que mi chiquitita la rosalía siga bien vitaminada,es,I hope my little girl is still well vitamin
oh,fi,oh
na bue,tl,under the bus
sorry,sv,sorry
mini sweet,et,mini sweet
yes chef,cy,Yes chef
lip gallagher,tl,lip gallagher
słodki jezu,pl,Sweet Jesus
make sandwich,sw,make sandwich
chef dime cómo lograr esa apariencia comiendo pan bimbo,es,chef tell me how to achieve that appearance eating bimbo bread
es el ex está con su compañera de elenco,es,He is the ex is with his cast partner
merci p,it,thank you p
wow,pl,wow
ok,sk,ok
made day wow,so,made day wow
el almuerzo de hoy,es,Today's lunch
good job,so,good job
lip venceu na vida,pt,Lip won in life
lipschwitz,de,lipschwitz
yes chef,cy,Yes chef
make pbj anytime,sq,make pbj anytime
sold,da,sold
guns,tl,guns
appétissant ce sandwich,fr,appetizing this sandwich
μου λειπεις,el,you miss me
lip day,tl,lip day
hola,cy,hello
hottie,fi,hottie
snack,hr,snack
zaddy,cy,zaddy
day eyes,so,day eyes
arms,lv,arms
lip,tl,lip
yes chef,cy,Yes chef
yes chef,cy,Yes chef
yes chef,cy,Yes chef
ugh,so,ugh
lip,tl,lip
che voglia di pan bauletto,it,What a desire for pan bauletto
yes chef,cy,Yes chef
jaw,pl,jaw
na bueno,tl,Good
need dat,af,Need that
meow,pl,meow
hágame un pancito con quesito,es,hágame a pancito with question
te entiendo rosalia,es,I understand you Rosalia
mean say like blonde men,no,mean say like blonde men
ay diosssss meeeeooooooo,af,is diosssss meeeeoooooooo
yes chef,cy,Yes chef
du nouveau dans la cuisine,fr,New in the kitchen
agora gnt entendeu,fr,Now GNT understood
exquisite,fr,exquisite
hi,sw,hi
ta divooooo maaaaaas calvin klein faz outra surpresa por favor,af,ta divooooo maaaaaas calvin klein makes another surprise please
eu tooooooooo apaixonada,so,me toooooooo in love
yes,tr,yes
yes chef,cy,Yes chef
yes chef,cy,Yes chef
ohlala mon dieu,fr,Ohlala my god
io non ti dico niente,it,I don't tell you anything
alert alert,no,alert alert
papi,tl,papi
ok lip gallagher,tl,ok lip gallagher
amén jeremy,hu,Amen Jeremy
recipe,es,recipe
te calmas,pt,You calm down
yes chef dead chef,cy,yes chef dead chef
yes chef yes,cy,yes chef yes
neeeem,nl,neeeem
ciaone,it,Ciaone
mercy,cy,mercy
perché dire,fr,why to say
dude making bread sandwich,tl,dude making bread sandwich
menos ropa muestre las calugas,es,Less clothing shows the calugas
goodddd morning,cy,goodddd morning
lip,tl,lip
si chef,it,Yes chef
tant être une cuillère,fr,Both be a spoon
mi autocensuro,ro,I self -censure
need,af,need
traedme de vuelta jung kook calvin klein,et,trading the foxta jung cooks calvin small
looks great guy,af,looks great guy
será pan bimbo,tl,It will be Bimbo bread
carm,ro,CARM
chef anche se non mi cucini piatti stellati va bene lo stessooooooo,it,chef even if you don't cook starry dishes me is fine the sameoooooo
make melt dontcha,nl,make melt dontcha
apaixonada,pt,passionate
love,sl,love
dexter feel,nl,dexter feel
mds,nl,mds
dude bench press biscotti roll,it,dude bench press biscotti roll
looks like ai,et,looks like ai
yes chef,cy,Yes chef
oh god,cy,oh god
que ganas de ser su mermelada,es,What a desire to be his jam
bon matin,tl,good morning
ever want spoon,af,ever want spoon
ti amo,lt,I love you
look great,af,look great
سلااام,ur,Salaam
yes chef,cy,Yes chef
yes chef,cy,Yes chef
sexiest man alive,fr,sexiest man alive
lindo,sq,lindo
cristo maría josé,es,Cristo María José
boy gym,cy,boy gym
meu marido te amo,pt,my husband love you
meu deus,fr,my God
yes chef,cy,Yes chef
smettila di essere cosi dannatamente bono,it,Stop being so damn Bono
feeet,nl,feeet
total dream,ca,total dream
calvin klein,nl,calvin klein
love,sl,love
oh god cannot,cy,oh god cannot
omg lui aussi il fait des pompes avant de sortir sur,fr,OMG too he makes pumps before going out on
chachoooooooo,nl,Chachooooooooo
yes chef,cy,Yes chef
chef,cy,chef
bet make sandwich,nl,bet make sandwich
pues ya está con ella ya hace mucho ennnn,es,"Well, it's already with her long ago Ennnn"
well yes,cy,well yes
yes chef,cy,Yes chef
dig,af,dig
jesus crust,hr,jesus crust
stiamo tutti calmi,it,We are all calm
rosalía está ganandooooo,es,Rosalia is winning
favvv chef,it,FAVVV boss
holy,cy,holy
mean making,tl,mean making
next let us go next let us go,fr,next let us go next let us go
let rip,fr,let rip
bark bark,tr,bark bark
unfair beautiful man,fr,unfair beautiful man
yes chef,cy,Yes chef
want pbj,sw,want pbj
sirrrrrr,sq,sirrrrrr
like,et,like
salt pepper pbj,no,salt pepper pbj
yes chef,cy,Yes chef
wow okay need inhaler,so,wow okay need inhaler
oh,fi,oh
yes chef,cy,Yes chef
mi novio preparandome un sanguchito,it,My boyfriend preparing me a blood
vale convencido calvin,es,VALLEY CONVENIED CALVIN
amor ya te dije que gusta con los bordes,es,Love I already told you that I like the edges
nobody mistaken spoon something else,no,nobody mistaken spoon something else
love life,sl,love life
need,af,need
good day bread,so,good day bread
hey arnold,cy,hey arnold
yes cheeeeeef,nl,yes cheeeeeef
keep us,et,keep us
daddy,cy,daddy
yes,tr,yes
ga gini juga,hr,Ga like this too
yes chefffff,cy,yes chefffff
oh,fi,oh
identify pb sandwich,cy,identify pb sandwich
aiuto sta,it,help is
need,af,need
cousin,fr,cousin
te entiendo tanto rosalía,es,I understand you so much Rosalia
ate left crumbs,ro,ate left crumbs
sì,vi,Yes
passa treino de biceps e ombro ai,pt,PASS BICEPS TRAINING AND SHOULDER AI
mean man,id,mean man
hottie,fi,hottie
llevame la cama,ca,Take me the bed
ufggg encanta este hombre,es,UFGG loves this man
super sexy,ca,super sexy
good,so,good
yes chef,cy,Yes chef
madonna,et,madonna
ok tranquilo el chef,it,Ok quiet the chef
oh wow,pl,oh wow
yessss,fi,yessss
yes chef,cy,Yes chef
tan chulo mi,so,so cool mi
yes chef,cy,Yes chef
ok chef,sk,Ok chef
oh hell yes,cy,oh hell yes
calvin klein woke,nl,calvin klein woke
man,tl,man
yes,tr,yes
eh si perché guardiamo jeans calvin,pt,Eh yes because we look at Calvin jeans
yes,tr,yes
god,cy,god
pbj kink,lt,PBJ Kink
yes chef,cy,Yes chef
love,sl,love
calvin,ro,calvin
makes real quick pbj,et,makes real quick pbj
dios miooo,lt,Myooo God
take whatever selling,no,take whatever selling
de repente agarró hambre,es,Suddenly he grabbed hunger
les avants bras,fr,The front arms
yes lawd,cy,ndems
oh spoon,et,oh spoon
lmao go king,tl,lmao go king
morphs pbj,lt,morphs pbj
lo stavi pensando,it,You were thinking about it
buenos días primero que todo,es,Good morning first of all
yes chef,cy,Yes chef
want spoon right,af,want spoon right
see see,af,see see
non è legale,it,it is not legal
gostoso,sl,tasty
ok ok,sk,ok ok
well done,cy,well done
oh hi chef,cy,oh hi chef
jeremy allen klein,no,Jeremy Allen Klein
por dió,es,by dió
meannnnnnnn,fi,meannnnnnn
quién fuese cuchara,es,Who was a spoon
never jealous spoon,et,never jealous spoon
smettila dai,it,Stop it from
berzatto,hu,berzatto
galager,so,galager
want stay,af,want stay
oh,fi,oh
yes god,cy,yes god
que,ca,what
vabbè,hu,alright
sheesh,sq,sheesh
yes chef,cy,Yes chef
santa,tl,santa
go making days brighter,tl,go making days brighter
hot,cs,hot
oh,fi,oh
omg,sv,omg
que bendición,es,What a blessing
sudah bang sudah,id,Already Bang
moodboard,so,mood board
sì chef,cy,Yes chef
todo lo hace bien,es,everything does well
sandwich de aire,de,air sandwich
lip,tl,lip
always lip,tl,always lip
yes,tr,yes
better man,da,better man
daddy chill,cy,daddy chill
deserve,da,deserve
si chef,it,Yes chef
always,so,always
yes,tr,yes
queria ser esse sanduíche,ca,I wanted to be this sandwich
spoon,et,spoon
con ustedes raúl alejandro,es,With you Raúl Alejandro
queres uma sandocha,pt,You want a sandoc
te entiendo plebona,es,I understand you plebon
dream man,pt,dream man
le queda genial el chaval es majísimo un gran actor,es,The kid is great is great a great actor
dead,es,dead
yes chef,cy,Yes chef
si chef,it,Yes chef
google come si diventa una fetta di pane,it,Google how you become a slice of bread
yes chef,cy,Yes chef
handsome specimen man,sv,handsome specimen man
más fuerte que cachetada de transformer,es,Stronger than Transformer slapping
dios mío gracias por esta creación,es,My God thank you for this creation
cociname lo que sea,es,Cook whatever
gostoso,sl,tasty
derritoooo,nl,derritoooo
bro makes making pbj look,tl,bro makes making pbj look
early bird,tr,early bird
compraria un boxer solo xq lo esta vendiendo el jeremy,es,I would buy a boxer only because the Jeremy is selling it
boomshakalakaaaaaa,so,Boomshakaaaaaa
ohhhhhhhmygod,cy,Ohhhhhhhmygod
purr,sq,purr
deberían hacer la versión got milk,es,deberían hacer la versión got milk
need,af,need
coño quien fuera cuchara,es,coño quien fuera cuchara
dat uw moksje ja,hr,dat uw moksje ja
pls,lv,pls
look great,af,look great
hey going insane,tl,hey going insane
cmonnnnnnnn,fr,cmonnnnnnn
sheesh,sq,sheesh
hands,sv,hands
nah bueno,id,good nah
ammazza bro complimenti ai genitori,it,Kill Bro Congratulations to the parents
omg die gast,af,OMG the guest
lawd mercy,cy,The last Mercy
kind guy age,tl,kind guy age
bro papucho,cs,Bro Papucho
hachi machi,sw,8 Streets
cousin,fr,cousin
oh,fi,oh
yes chef,cy,Yes chef
nice,pl,nice
omg,sv,omg
make sandwich,sw,make sandwich
ola haces un sándwich,es,wave you make a sandwich
feral,ca,feral
encore et toujours,fr,again and again
yesssssss,fi,yesssssss
okkk,fi,okkk
yes chef,cy,Yes chef
oh,fi,oh
say pregnant,tl,say pregnant
geez,nl,geez
chef,cy,chef
homem céyou,pt,man
husband,sw,husband
si,fi,and
hot jean fit,sq,hot jean fit
یا علی ممد,ar,Or Ali Mamad
dear lord,es,dear lord
aaaahhh keep making campaigns man,id,aaaahhh keep making campaigns man
yes chef,cy,Yes chef
calvin say unison,it,calvin say unison
nossa janta de tds os dias né amor,pt,Our dinner of all days right love
pbj new favorite sammich,sk,PBJ New Favorite Sammich
toes,af,toes
independent person please make sandwich,nl,independent person please make sandwich
yes chef,cy,Yes chef
ok lip know make pbj,hr,ok lip know make pbj
gakuat,id,No
aku pingin jadi sandwich,id,I want to be a sandwich
someone say sandwich,tl,someone say sandwich
would like snack,af,would like snack
semplicemente wow,nl,simply wow
lip,tl,lip
wow,pl,wow
se ciaooo,pt,SE CIAOO
wow,pl,wow
que hombre,fr,What a man
pffff much,cy,pffff much
hola,cy,hello
buset bang udah bang,id,buset bang udah bang
ah ok,so,ah ok
marry,sq,marry
es como que siempre pilla desprevenida,es,It's like always caught off
yes chef,cy,Yes chef
hot,cs,hot
love calvin klein,sl,love calvin klein
